SELECTED_ASOS_ID,CLIENT,FACILITY_NAME,WSPP7_AM,I24P7_AM,WSPP2_PM,WSPP7_PM,G24P2_PM,G24P5_PM,Q24P5_AM,Q24P2_AM,I24P2_AM,WSPP5_AM,TXNMN_AM,Q24P1_AM,S24P7_AM,TXNP9_PM,S24P2_AM,TXNP5_AM,W24P5_PM,TXNMN_PM,TXNP5_PM,S24P1_AM,I24P1_AM,W24P7_PM,WSPP9_PM,WSPP2_AM,G24P7_PM,I24P5_AM,TXNP1_AM,WSPP9_AM,Q24P9_AM,W24P2_PM,WSPP1_PM,W24P1_PM,S24P5_AM,TXNP2_AM,W24P9_PM,G24P1_PM,SITE,DATE,Q24P7_AM,TXNP9_AM,I24P9_AM,TXNP7_AM,WSPP5_PM,WSPP1_AM,TXNP2_PM,S24P9_AM,TXNP1_PM,G24P9_PM,TXNP7_PM
RDU,EsteMauder,Greenwood Research Lab,10,,6,8,24,26,,,,8,65,,,91,,64,15,88,88,,,16,10,8,29,,63,10,,14,6,13,,64,17,22,RDU,2025-04-03,,68,,66,8,8,86,,84,31,90
RDU,EsteMauder,Greenwood Research Lab,8,0,6,6,21,23,0,0,0,8,67,0,0,94,0,67,13,91,91,0,0,14,8,6,25,0,64,10,0.02,12,4,11,0,65,16,19,RDU,2025-04-04,0,71,0,68,6,6,89,0,87,28,93
RDU,EsteMauder,Greenwood Research Lab,8,0,8,10,24,26,0,0,0,8,66,0,0,94,0,66,15,91,91,0,0,16,12,6,28,0,63,10,0.04,14,6,13,0,65,17,21,RDU,2025-04-05,0,69,0,68,8,4,90,0,89,31,92
RDU,EsteMauder,Greenwood Research Lab,12,0,10,12,30,33,0,0,0,12,66,0,0,93,0,66,18,91,91,0,0,20,14,10,36,0,64,14,0,17,8,16,0,65,21,27,RDU,2025-04-06,0,69,0,67,10,8,90,0,88,41,93
RDU,EsteMauder,Greenwood Research Lab,10,0,4,8,19,24,0.38,0.11,0,8,61,0,0,81,0,62,14,74,73,0,0,16,10,6,27,0,55,10,1.3,12,4,11,0,58,18,17,RDU,2025-04-07,0.75,66,0,64,6,4,70,0,67,32,77
RDU,EsteMauder,Greenwood Research Lab,10,0,4,10,20,24,0.31,0,0,8,46,0,0,71,0,47,14,62,61,0,0,16,10,6,27,0,40,12,1.73,13,4,11,0,44,17,17,RDU,2025-04-08,1.01,53,0,49,6,6,58,0,55,31,66
RDU,EsteMauder,Greenwood Research Lab,8,0,4,6,14,17,0,0,0,6,39,0,0,74,0,38,10,64,62,0,0,13,6,4,21,0,34,10,0,9,2,8,0,36,15,11,RDU,2025-04-09,0,43,0,40,4,4,58,0,56,26,67
RDU,EsteMauder,Greenwood Research Lab,6,0,4,8,14,18,0,0,0,4,42,0,0,79,0,42,11,71,70,0,0,13,10,4,22,0,36,8,0,9,2,8,0,39,15,11,RDU,2025-04-10,0,49,0,45,6,2,67,0,61,25,75
RDU,EsteMauder,Greenwood Research Lab,8,0,6,10,17,20,0,0,0,6,48,0,0,80,0,48,12,73,74,0,0,15,12,4,24,0,41,10,0.19,11,4,9,0,45,16,14,RDU,2025-04-11,0,53,0,51,6,2,69,0,64,28,78
MIA,EsteMauder,Silver Creek Power Plant,14,,14,16,27,29,,,,14,76,,,86,,76,18,85,85,,,19,16,12,31,,74,14,,17,12,16,,75,20,26,MIA,2025-04-03,,78,,77,14,10,84,,83,33,85
MIA,EsteMauder,Silver Creek Power Plant,14,0,12,14,26,28,0,0,0,12,75,0,0,86,0,75,17,85,85,0,0,18,16,12,29,0,73,14,0,16,12,15,0,74,19,25,MIA,2025-04-04,0,76,0,76,14,10,84,0,84,31,85
MIA,EsteMauder,Silver Creek Power Plant,14,0,10,14,25,27,0,0,0,14,75,0,0,86,0,75,17,85,85,0,0,18,14,12,29,0,73,16,0,16,10,15,0,74,18,25,MIA,2025-04-05,0,76,0,76,12,10,84,0,84,30,86
MIA,EsteMauder,Silver Creek Power Plant,12,0,10,12,23,24,0,0,0,12,75,0,0,88,0,75,15,86,86,0,0,16,12,10,26,0,73,14,0,13,10,13,0,74,17,21,MIA,2025-04-06,0,76,0,76,10,8,85,0,85,28,87
MIA,EsteMauder,Silver Creek Power Plant,12,0,10,12,22,24,0,0,0,10,75,0,0,89,0,74,14,87,87,0,0,16,12,8,25,0,73,12,0,13,10,12,0,74,17,20,MIA,2025-04-07,0,77,0,76,10,8,86,0,86,27,88
MIA,EsteMauder,Silver Creek Power Plant,10,0,10,12,20,24,0,0,0,10,74,0,0,88,0,74,14,84,86,0,0,16,14,6,26,0,72,12,0.63,12,8,10,0,73,17,17,MIA,2025-04-08,0.1,77,0,76,10,4,82,0,79,28,87
MIA,EsteMauder,Silver Creek Power Plant,14,0,10,14,21,24,0.35,0.01,0,10,68,0,0,85,0,69,14,82,81,0,0,17,16,10,27,0,61,14,1.52,13,8,10,0,65,19,17,MIA,2025-04-09,1.19,73,0,71,12,6,80,0,78,30,83
MIA,EsteMauder,Silver Creek Power Plant,12,0,8,14,20,23,0,0,0,10,67,0,0,84,0,67,14,81,81,0,0,16,16,8,26,0,63,14,1.28,12,6,10,0,65,17,18,MIA,2025-04-10,0.28,71,0,69,10,6,79,0,78,29,83
MIA,EsteMauder,Silver Creek Power Plant,10,0,8,14,19,21,0,0,0,8,66,0,0,85,0,66,13,82,82,0,0,15,14,8,24,0,63,12,0.78,11,6,10,0,64,17,17,MIA,2025-04-11,0.11,70,0,68,10,6,80,0,79,27,83
RDU,EsteMauder,Summit Manufacturing,10,,6,8,24,26,,,,8,65,,,91,,64,15,88,88,,,16,10,8,29,,63,10,,14,6,13,,64,17,22,RDU,2025-04-03,,68,,66,8,8,86,,84,31,90
RDU,EsteMauder,Summit Manufacturing,8,0,6,6,21,23,0,0,0,8,67,0,0,94,0,67,13,91,91,0,0,14,8,6,25,0,64,10,0.02,12,4,11,0,65,16,19,RDU,2025-04-04,0,71,0,68,6,6,89,0,87,28,93
RDU,EsteMauder,Summit Manufacturing,8,0,8,10,24,26,0,0,0,8,66,0,0,94,0,66,15,91,91,0,0,16,12,6,28,0,63,10,0.04,14,6,13,0,65,17,21,RDU,2025-04-05,0,69,0,68,8,4,90,0,89,31,92
RDU,EsteMauder,Summit Manufacturing,12,0,10,12,30,33,0,0,0,12,66,0,0,93,0,66,18,91,91,0,0,20,14,10,36,0,64,14,0,17,8,16,0,65,21,27,RDU,2025-04-06,0,69,0,67,10,8,90,0,88,41,93
RDU,EsteMauder,Summit Manufacturing,10,0,4,8,19,24,0.38,0.11,0,8,61,0,0,81,0,62,14,74,73,0,0,16,10,6,27,0,55,10,1.3,12,4,11,0,58,18,17,RDU,2025-04-07,0.75,66,0,64,6,4,70,0,67,32,77
RDU,EsteMauder,Summit Manufacturing,10,0,4,10,20,24,0.31,0,0,8,46,0,0,71,0,47,14,62,61,0,0,16,10,6,27,0,40,12,1.73,13,4,11,0,44,17,17,RDU,2025-04-08,1.01,53,0,49,6,6,58,0,55,31,66
RDU,EsteMauder,Summit Manufacturing,8,0,4,6,14,17,0,0,0,6,39,0,0,74,0,38,10,64,62,0,0,13,6,4,21,0,34,10,0,9,2,8,0,36,15,11,RDU,2025-04-09,0,43,0,40,4,4,58,0,56,26,67
RDU,EsteMauder,Summit Manufacturing,6,0,4,8,14,18,0,0,0,4,42,0,0,79,0,42,11,71,70,0,0,13,10,4,22,0,36,8,0,9,2,8,0,39,15,11,RDU,2025-04-10,0,49,0,45,6,2,67,0,61,25,75
RDU,EsteMauder,Summit Manufacturing,8,0,6,10,17,20,0,0,0,6,48,0,0,80,0,48,12,73,74,0,0,15,12,4,24,0,41,10,0.19,11,4,9,0,45,16,14,RDU,2025-04-11,0,53,0,51,6,2,69,0,64,28,78
RDU,EsteMauder,Gateway Transportation Depot,10,,6,8,24,26,,,,8,65,,,91,,64,15,88,88,,,16,10,8,29,,63,10,,14,6,13,,64,17,22,RDU,2025-04-03,,68,,66,8,8,86,,84,31,90
RDU,EsteMauder,Gateway Transportation Depot,8,0,6,6,21,23,0,0,0,8,67,0,0,94,0,67,13,91,91,0,0,14,8,6,25,0,64,10,0.02,12,4,11,0,65,16,19,RDU,2025-04-04,0,71,0,68,6,6,89,0,87,28,93
RDU,EsteMauder,Gateway Transportation Depot,8,0,8,10,24,26,0,0,0,8,66,0,0,94,0,66,15,91,91,0,0,16,12,6,28,0,63,10,0.04,14,6,13,0,65,17,21,RDU,2025-04-05,0,69,0,68,8,4,90,0,89,31,92
RDU,EsteMauder,Gateway Transportation Depot,12,0,10,12,30,33,0,0,0,12,66,0,0,93,0,66,18,91,91,0,0,20,14,10,36,0,64,14,0,17,8,16,0,65,21,27,RDU,2025-04-06,0,69,0,67,10,8,90,0,88,41,93
RDU,EsteMauder,Gateway Transportation Depot,10,0,4,8,19,24,0.38,0.11,0,8,61,0,0,81,0,62,14,74,73,0,0,16,10,6,27,0,55,10,1.3,12,4,11,0,58,18,17,RDU,2025-04-07,0.75,66,0,64,6,4,70,0,67,32,77
RDU,EsteMauder,Gateway Transportation Depot,10,0,4,10,20,24,0.31,0,0,8,46,0,0,71,0,47,14,62,61,0,0,16,10,6,27,0,40,12,1.73,13,4,11,0,44,17,17,RDU,2025-04-08,1.01,53,0,49,6,6,58,0,55,31,66
RDU,EsteMauder,Gateway Transportation Depot,8,0,4,6,14,17,0,0,0,6,39,0,0,74,0,38,10,64,62,0,0,13,6,4,21,0,34,10,0,9,2,8,0,36,15,11,RDU,2025-04-09,0,43,0,40,4,4,58,0,56,26,67
RDU,EsteMauder,Gateway Transportation Depot,6,0,4,8,14,18,0,0,0,4,42,0,0,79,0,42,11,71,70,0,0,13,10,4,22,0,36,8,0,9,2,8,0,39,15,11,RDU,2025-04-10,0,49,0,45,6,2,67,0,61,25,75
RDU,EsteMauder,Gateway Transportation Depot,8,0,6,10,17,20,0,0,0,6,48,0,0,80,0,48,12,73,74,0,0,15,12,4,24,0,41,10,0.19,11,4,9,0,45,16,14,RDU,2025-04-11,0,53,0,51,6,2,69,0,64,28,78
SPI,EsteMauder,Cedar Valley Distribution,8,,4,6,18,20,,,,6,48,,,68,,49,13,62,62,,,14,6,6,22,,43,8,,11,2,10,,45,15,16,SPI,2025-04-03,,53,,51,4,4,59,,57,24,65
SPI,EsteMauder,Coastal Fisheries HQ,8,,4,6,18,20,,,,6,48,,,68,,49,13,62,62,,,14,6,6,22,,43,8,,11,2,10,,45,15,16,SPI,2025-04-03,,53,,51,4,4,59,,57,24,65
SPI,EsteMauder,Cedar Valley Distribution,10,0,10,12,25,28,0.1,0,0,10,45,0,0,72,0,45,18,65,64,0,0,20,14,8,32,0,41,10,0.67,16,8,15,0,42,22,23,SPI,2025-04-04,0.34,51,0,47,10,8,61,0,58,34,67
SPI,EsteMauder,Coastal Fisheries HQ,10,0,10,12,25,28,0.1,0,0,10,45,0,0,72,0,45,18,65,64,0,0,20,14,8,32,0,41,10,0.67,16,8,15,0,42,22,23,SPI,2025-04-04,0.34,51,0,47,10,8,61,0,58,34,67
SPI,EsteMauder,Cedar Valley Distribution,12,0,10,14,29,31,1.84,1.18,0,10,48,0.61,0,62,0,46,20,56,55,0,0,22,14,10,34,0,43,14,3.21,18,10,17,0,44,23,26,SPI,2025-04-05,2.53,56,0,49,12,8,53,0,51,36,58
SPI,EsteMauder,Coastal Fisheries HQ,12,0,10,14,29,31,1.84,1.18,0,10,48,0.61,0,62,0,46,20,56,55,0,0,22,14,10,34,0,43,14,3.21,18,10,17,0,44,23,26,SPI,2025-04-05,2.53,56,0,49,12,8,53,0,51,36,58
SPI,EsteMauder,Cedar Valley Distribution,14,0,6,10,27,30,0.71,0.18,0,12,38,0,0,58,0,38,19,52,52,0,0,22,12,10,35,0,35,16,2.08,17,6,15,0,37,25,24,SPI,2025-04-06,1.41,41,0,40,10,10,49,0,46,38,55
SPI,EsteMauder,Coastal Fisheries HQ,14,0,6,10,27,30,0.71,0.18,0,12,38,0,0,58,0,38,19,52,52,0,0,22,12,10,35,0,35,16,2.08,17,6,15,0,37,25,24,SPI,2025-04-06,1.41,41,0,40,10,10,49,0,46,38,55
SPI,EsteMauder,Cedar Valley Distribution,10,0,10,12,25,29,0,0,0,10,32,0,0,60,0,32,19,51,50,0,0,21,14,8,32,0,27,12,0.27,17,8,15,0,29,23,24,SPI,2025-04-07,0.08,36,0,34,10,6,47,0,45,35,56
SPI,EsteMauder,Coastal Fisheries HQ,10,0,10,12,25,29,0,0,0,10,32,0,0,60,0,32,19,51,50,0,0,21,14,8,32,0,27,12,0.27,17,8,15,0,29,23,24,SPI,2025-04-07,0.08,36,0,34,10,6,47,0,45,35,56
SPI,EsteMauder,Cedar Valley Distribution,10,0,6,10,20,24,0,0,0,8,28,0,0,64,0,27,15,54,52,0,0,18,10,6,29,0,23,12,0.02,13,4,10,0,25,21,16,SPI,2025-04-08,0,32,0,29,8,4,48,0,45,33,58
SPI,EsteMauder,Coastal Fisheries HQ,10,0,6,10,20,24,0,0,0,8,28,0,0,64,0,27,15,54,52,0,0,18,10,6,29,0,23,12,0.02,13,4,10,0,25,21,16,SPI,2025-04-08,0,32,0,29,8,4,48,0,45,33,58
SPI,EsteMauder,Cedar Valley Distribution,12,0,8,12,24,29,0,0,0,10,34,0,0,77,0,33,18,65,66,0,0,21,14,8,33,0,26,12,0.02,15,6,13,0,29,23,21,SPI,2025-04-09,0,44,0,39,10,6,58,0,52,36,72
SPI,EsteMauder,Coastal Fisheries HQ,12,0,8,12,24,29,0,0,0,10,34,0,0,77,0,33,18,65,66,0,0,21,14,8,33,0,26,12,0.02,15,6,13,0,29,23,21,SPI,2025-04-09,0,44,0,39,10,6,58,0,52,36,72
SPI,EsteMauder,Cedar Valley Distribution,12,0,6,10,24,27,0,0,0,8,45,0,0,81,0,46,17,72,75,0,0,20,14,6,31,0,32,12,0.32,15,4,12,0,41,24,19,SPI,2025-04-10,0.1,53,0,50,10,4,66,0,58,38,78
SPI,EsteMauder,Coastal Fisheries HQ,12,0,6,10,24,27,0,0,0,8,45,0,0,81,0,46,17,72,75,0,0,20,14,6,31,0,32,12,0.32,15,4,12,0,41,24,19,SPI,2025-04-10,0.1,53,0,50,10,4,66,0,58,38,78
SPI,EsteMauder,Cedar Valley Distribution,10,0,6,12,22,26,0,0,0,8,46,0,0,87,0,46,17,73,74,0,0,20,14,6,31,0,35,12,0.25,14,4,12,0,42,22,19,SPI,2025-04-11,0.08,54,0,50,10,4,68,0,61,34,79
SPI,EsteMauder,Coastal Fisheries HQ,10,0,6,12,22,26,0,0,0,8,46,0,0,87,0,46,17,73,74,0,0,20,14,6,31,0,35,12,0.25,14,4,12,0,42,22,19,SPI,2025-04-11,0.08,54,0,50,10,4,68,0,61,34,79
CQT,EsteMauder,Starview Aerospace Facility,4,,8,10,16,18,,,,4,48,,,67,,48,10,65,65,,,11,10,2,21,,46,6,,9,8,8,,47,12,15,CQT,2025-04-03,,50,,49,10,2,63,,62,24,66
CQT,EsteMauder,Starview Aerospace Facility,4,0,10,12,19,22,0,0,0,2,48,0,0,72,0,48,11,69,70,0,0,12,12,2,25,0,46,4,0,10,10,9,0,47,14,17,CQT,2025-04-04,0,50,0,49,10,0,68,0,66,27,71
CQT,EsteMauder,Starview Aerospace Facility,4,0,8,10,17,21,0,0,0,4,51,0,0,81,0,51,11,77,77,0,0,13,12,2,26,0,47,4,0,9,8,8,0,49,14,16,CQT,2025-04-05,0,53,0,52,10,2,75,0,73,28,79
CQT,EsteMauder,Starview Aerospace Facility,6,0,10,10,18,21,0,0,0,4,54,0,0,83,0,54,11,80,80,0,0,12,12,4,24,0,49,6,0,10,8,9,0,51,13,16,CQT,2025-04-06,0,57,0,56,10,2,78,0,76,26,82
CQT,EsteMauder,Starview Aerospace Facility,4,0,8,10,14,16,0,0,0,4,55,0,0,79,0,55,9,75,75,0,0,10,10,2,19,0,51,6,0,8,8,8,0,53,11,12,CQT,2025-04-07,0,58,0,57,8,2,73,0,70,22,77
CQT,EsteMauder,Starview Aerospace Facility,4,0,8,10,14,15,0,0,0,2,53,0,0,82,0,53,9,77,77,0,0,10,10,2,19,0,51,4,0,8,8,7,0,52,11,13,CQT,2025-04-08,0,55,0,55,8,2,74,0,73,23,80
CQT,EsteMauder,Starview Aerospace Facility,4,0,8,10,13,15,0,0,0,2,56,0,0,90,0,56,8,85,85,0,0,9,10,2,18,0,52,6,0,7,8,7,0,54,10,11,CQT,2025-04-09,0,59,0,58,8,2,82,0,80,20,87
CQT,EsteMauder,Starview Aerospace Facility,4,0,6,10,14,15,0,0,0,2,59,0,0,91,0,58,9,85,85,0,0,10,10,2,18,0,55,6,0,8,6,7,0,57,10,12,CQT,2025-04-10,0,64,0,61,8,0,82,0,80,20,88
CQT,EsteMauder,Starview Aerospace Facility,4,0,6,10,13,15,0,0,0,2,59,0,0,90,0,58,9,82,82,0,0,10,10,2,17,0,54,4,0,8,4,7,0,56,11,12,CQT,2025-04-11,0,65,0,62,8,2,78,0,73,21,86
SFF,EsteMauder,Redwood Aviation Complex,4,,4,6,12,14,,,,4,37,,,59,,37,10,56,56,,,11,6,4,17,,34,6,,8,4,7,,36,13,10,SFF,2025-04-03,,39,,38,4,2,54,,53,20,58
SFF,EsteMauder,Redwood Aviation Complex,2,0,2,4,6,8,0,0,0,2,34,0,0,65,0,34,6,60,60,0,0,8,4,2,12,0,30,4,0.03,5,2,4,0,31,10,5,SFF,2025-04-04,0.01,37,0,36,2,2,58,0,55,16,62
SFF,EsteMauder,Redwood Aviation Complex,2,0,2,6,6,7,0,0,0,2,36,0,0,69,0,37,5,66,66,0,0,7,6,2,9,0,31,4,0,5,2,4,0,32,8,5,SFF,2025-04-05,0,40,0,40,4,2,64,0,63,10,67
SFF,EsteMauder,Redwood Aviation Complex,4,0,2,4,6,8,0,0,0,2,40,0,0,74,0,41,6,71,71,0,0,7,6,2,10,0,35,4,0,5,2,4,0,36,9,6,SFF,2025-04-06,0,44,0,43,4,2,70,0,68,12,73
SFF,EsteMauder,Redwood Aviation Complex,6,0,8,12,19,24,0,0,0,4,45,0,0,74,0,46,16,64,63,0,0,19,14,2,28,0,39,10,0.09,12,6,10,0,42,22,15,SFF,2025-04-07,0,49,0,47,10,2,60,0,58,32,68
SFF,EsteMauder,Redwood Aviation Complex,8,0,6,10,18,24,0.03,0,0,6,43,0,0,67,0,43,16,62,62,0,0,18,12,4,28,0,39,8,0.22,12,4,9,0,42,22,13,SFF,2025-04-08,0.12,48,0,45,10,4,59,0,57,33,64
SFF,EsteMauder,Redwood Aviation Complex,6,0,4,8,13,18,0,0,0,4,43,0,0,73,0,43,12,66,65,0,0,16,12,4,25,0,39,8,0.15,9,2,7,0,41,19,9,SFF,2025-04-09,0.07,47,0,45,6,2,62,0,60,30,70
SFF,EsteMauder,Redwood Aviation Complex,4,0,4,8,9,13,0,0,0,4,44,0,0,79,0,45,9,71,71,0,0,13,10,2,20,0,38,4,0.01,7,2,5,0,41,17,7,SFF,2025-04-10,0,49,0,47,6,2,67,0,63,25,76
SFF,EsteMauder,Redwood Aviation Complex,6,0,4,10,11,18,0,0,0,4,47,0,0,85,0,48,12,73,76,0,0,17,12,2,25,0,40,8,0.07,8,4,6,0,44,21,8,SFF,2025-04-11,0,53,0,51,6,2,63,0,60,32,82
TPF,EsteMauder,Summerset Cold Storage,12,,6,10,19,21,,,,10,72,,,89,,72,14,87,87,,,15,12,10,22,,70,14,,12,4,11,,71,16,17,TPF,2025-04-03,,74,,73,8,8,86,,85,24,88
TPF,EsteMauder,Summerset Cold Storage,12,0,6,10,17,19,0,0,0,10,72,0,0,89,0,71,13,87,87,0,0,14,12,8,21,0,69,14,0,11,4,10,0,70,15,15,TPF,2025-04-04,0,75,0,73,8,8,86,0,85,22,88
TPF,EsteMauder,Summerset Cold Storage,12,0,8,12,18,20,0,0,0,10,70,0,0,89,0,70,13,87,87,0,0,14,14,10,22,0,68,14,0,12,8,11,0,69,15,16,TPF,2025-04-05,0,73,0,72,10,8,86,0,85,23,88
TPF,EsteMauder,Summerset Cold Storage,12,0,10,14,19,21,0,0,0,10,71,0,0,86,0,71,15,85,85,0,0,16,14,10,23,0,69,14,0,13,10,12,0,70,17,17,TPF,2025-04-06,0,74,0,73,12,10,84,0,83,25,86
TPF,EsteMauder,Summerset Cold Storage,12,0,10,12,21,23,0,0,0,10,71,0,0,86,0,72,16,83,83,0,0,18,14,10,26,0,69,14,0.02,14,10,13,0,71,19,19,TPF,2025-04-07,0,73,0,72,12,10,82,0,81,29,84
TPF,EsteMauder,Summerset Cold Storage,12,0,10,12,17,19,0.25,0.01,0,12,66,0,0,79,0,66,13,73,72,0,0,14,14,10,21,0,60,14,1.2,12,10,11,0,63,16,15,TPF,2025-04-08,0.7,72,0,70,12,10,70,0,68,23,75
TPF,EsteMauder,Summerset Cold Storage,12,0,10,14,16,18,0.04,0,0,12,58,0,0,79,0,59,12,75,75,0,0,14,16,10,20,0,52,14,1.27,11,10,10,0,55,15,14,TPF,2025-04-09,0.49,65,0,61,12,10,73,0,70,23,78
TPF,EsteMauder,Summerset Cold Storage,12,0,8,14,15,17,0,0,0,12,58,0,0,80,0,58,12,76,77,0,0,13,14,8,19,0,53,14,0.09,10,6,9,0,56,14,14,TPF,2025-04-10,0,63,0,61,12,6,74,0,71,21,78
TPF,EsteMauder,Summerset Cold Storage,12,0,8,14,15,17,0,0,0,10,60,0,0,80,0,60,12,76,77,0,0,14,16,6,20,0,56,12,0.1,11,6,10,0,57,16,13,TPF,2025-04-11,0,64,0,62,12,4,75,0,73,23,78
CLT,EsteMauder,Everest Industrial Plant,8,,4,6,25,27,,,,8,66,,,90,,65,15,86,87,,,16,8,6,29,,64,10,,14,4,13,,64,18,23,CLT,2025-04-03,,69,,67,6,6,85,,82,32,89
CLT,EsteMauder,Everest Industrial Plant,8,0,4,6,23,24,0,0,0,6,66,0,0,93,0,66,14,90,91,0,0,15,6,6,27,0,64,8,0.06,12,4,12,0,65,17,21,CLT,2025-04-04,0.02,70,0,68,6,4,89,0,85,31,92
CLT,EsteMauder,Everest Industrial Plant,8,0,6,10,26,29,0,0,0,6,66,0,0,93,0,66,16,91,91,0,0,17,10,6,31,0,63,8,0.03,15,6,14,0,64,19,24,CLT,2025-04-05,0,69,0,68,8,6,90,0,88,34,93
CLT,EsteMauder,Everest Industrial Plant,12,0,8,12,32,35,0,0,0,10,67,0,0,92,0,66,21,89,90,0,0,22,14,8,39,0,64,14,0,19,6,17,0,65,24,30,CLT,2025-04-06,0,70,0,68,10,8,87,0,84,42,91
CLT,EsteMauder,Everest Industrial Plant,8,0,4,8,22,25,0.71,0.31,0,6,60,0.05,0,84,0,61,15,74,74,0,0,18,10,4,29,0,55,10,1.76,13,4,11,0,57,20,20,CLT,2025-04-07,1.16,66,0,64,6,4,70,0,68,35,78
CLT,EsteMauder,Everest Industrial Plant,10,0,4,10,22,26,0.02,0,0,8,46,0,0,71,0,46,15,63,62,0,0,17,12,6,30,0,39,12,1.33,13,4,12,0,42,18,20,CLT,2025-04-08,0.52,52,0,50,8,4,58,0,55,32,67
CLT,EsteMauder,Everest Industrial Plant,6,0,4,6,16,19,0,0,0,6,39,0,0,75,0,39,11,65,64,0,0,13,6,4,23,0,34,8,0,10,2,9,0,36,15,14,CLT,2025-04-09,0,44,0,41,4,2,60,0,56,26,69
CLT,EsteMauder,Everest Industrial Plant,6,0,4,6,17,21,0,0,0,4,43,0,0,79,0,43,12,71,71,0,0,15,8,2,25,0,36,6,0,10,2,8,0,39,17,14,CLT,2025-04-10,0,50,0,46,6,2,68,0,65,29,75
CLT,EsteMauder,Everest Industrial Plant,8,0,4,10,20,24,0,0,0,6,48,0,0,83,0,48,13,74,73,0,0,16,12,4,27,0,41,10,0.16,11,4,10,0,45,19,16,CLT,2025-04-11,0,54,0,52,6,2,69,0,64,33,79
SVN,EsteMauder,Horizon Tech Park,8,,6,8,21,23,,,,6,65,,,87,,65,15,84,84,,,16,8,6,24,,64,8,,13,6,12,,64,17,19,SVN,2025-04-03,,67,,66,6,6,83,,81,26,85
SVN,EsteMauder,Lakeside Processing Facility,8,,6,8,21,23,,,,6,65,,,87,,65,15,84,84,,,16,8,6,24,,64,8,,13,6,12,,64,17,19,SVN,2025-04-03,,67,,66,6,6,83,,81,26,85
SVN,EsteMauder,Horizon Tech Park,6,0,6,6,19,21,0,0,0,6,65,0,0,88,0,65,13,85,85,0,0,14,8,4,22,0,64,8,0,12,4,11,0,64,15,18,SVN,2025-04-04,0,67,0,66,6,4,84,0,83,24,86
SVN,EsteMauder,Lakeside Processing Facility,6,0,6,6,19,21,0,0,0,6,65,0,0,88,0,65,13,85,85,0,0,14,8,4,22,0,64,8,0,12,4,11,0,64,15,18,SVN,2025-04-04,0,67,0,66,6,4,84,0,83,24,86
SVN,EsteMauder,Horizon Tech Park,10,0,12,14,22,25,0,0,0,8,63,0,0,88,0,63,16,87,86,0,0,17,14,8,26,0,61,12,0,14,10,13,0,62,18,21,SVN,2025-04-05,0,65,0,64,12,6,86,0,85,28,87
SVN,EsteMauder,Lakeside Processing Facility,10,0,12,14,22,25,0,0,0,8,63,0,0,88,0,63,16,87,86,0,0,17,14,8,26,0,61,12,0,14,10,13,0,62,18,21,SVN,2025-04-05,0,65,0,64,12,6,86,0,85,28,87
SVN,EsteMauder,Horizon Tech Park,12,0,12,16,24,26,0,0,0,10,65,0,0,90,0,65,17,87,87,0,0,19,17,10,28,0,63,16,0,16,10,15,0,64,21,23,SVN,2025-04-06,0,67,0,66,14,8,86,0,86,31,88
SVN,EsteMauder,Lakeside Processing Facility,12,0,12,16,24,26,0,0,0,10,65,0,0,90,0,65,17,87,87,0,0,19,17,10,28,0,63,16,0,16,10,15,0,64,21,23,SVN,2025-04-06,0,67,0,66,14,8,86,0,86,31,88
SVN,EsteMauder,Horizon Tech Park,12,0,6,12,20,24,0,0,0,10,65,0,0,89,0,65,15,83,84,0,0,17,12,8,27,0,62,14,0.35,13,4,11,0,64,20,18,SVN,2025-04-07,0.02,67,0,66,8,6,79,0,75,30,87
SVN,EsteMauder,Lakeside Processing Facility,12,0,6,12,20,24,0,0,0,10,65,0,0,89,0,65,15,83,84,0,0,17,12,8,27,0,62,14,0.35,13,4,11,0,64,20,18,SVN,2025-04-07,0.02,67,0,66,8,6,79,0,75,30,87
SVN,EsteMauder,Horizon Tech Park,12,0,6,12,19,21,0.97,0.37,0,10,51,0.02,0,78,0,52,14,71,71,0,0,16,14,8,24,0,46,16,2.24,12,4,10,0,48,18,17,SVN,2025-04-08,1.71,57,0,54,8,6,67,0,64,27,74
SVN,EsteMauder,Lakeside Processing Facility,12,0,6,12,19,21,0.97,0.37,0,10,51,0.02,0,78,0,52,14,71,71,0,0,16,14,8,24,0,46,16,2.24,12,4,10,0,48,18,17,SVN,2025-04-08,1.71,57,0,54,8,6,67,0,64,27,74
SVN,EsteMauder,Horizon Tech Park,14,0,6,10,17,20,0,0,0,12,45,0,0,76,0,45,13,69,68,0,0,16,12,10,23,0,39,16,0.58,10,4,9,0,43,18,15,SVN,2025-04-09,0,51,0,49,8,8,65,0,63,27,73
SVN,EsteMauder,Lakeside Processing Facility,14,0,6,10,17,20,0,0,0,12,45,0,0,76,0,45,13,69,68,0,0,16,12,10,23,0,39,16,0.58,10,4,9,0,43,18,15,SVN,2025-04-09,0,51,0,49,8,8,65,0,63,27,73
SVN,EsteMauder,Horizon Tech Park,10,0,4,10,15,17,0,0,0,8,47,0,0,80,0,46,10,74,75,0,0,14,12,6,21,0,41,12,0,9,4,7,0,44,16,12,SVN,2025-04-10,0,54,0,50,8,4,71,0,68,24,78
SVN,EsteMauder,Lakeside Processing Facility,10,0,4,10,15,17,0,0,0,8,47,0,0,80,0,46,10,74,75,0,0,14,12,6,21,0,41,12,0,9,4,7,0,44,16,12,SVN,2025-04-10,0,54,0,50,8,4,71,0,68,24,78
SVN,EsteMauder,Horizon Tech Park,10,0,6,12,17,20,0,0,0,6,51,0,0,84,0,51,13,78,79,0,0,15,14,4,23,0,46,10,0.08,11,4,9,0,48,18,15,SVN,2025-04-11,0,56,0,54,8,4,76,0,71,26,82
SVN,EsteMauder,Lakeside Processing Facility,10,0,6,12,17,20,0,0,0,6,51,0,0,84,0,51,13,78,79,0,0,15,14,4,23,0,46,10,0.08,11,4,9,0,48,18,15,SVN,2025-04-11,0,56,0,54,8,4,76,0,71,26,82
MCJ,EsteMauder,Bluewave Water Treatment,12,,10,14,39,43,,,,10,76,,,92,,76,29,89,89,,,30,14,8,45,,75,12,,27,10,25,,75,32,37,MCJ,2025-04-03,,78,,77,12,8,88,,87,49,91
MCJ,EsteMauder,Orchard Chemical Solutions,12,,10,14,39,43,,,,10,76,,,92,,76,29,89,89,,,30,14,8,45,,75,12,,27,10,25,,75,32,37,MCJ,2025-04-03,,78,,77,12,8,88,,87,49,91
MCJ,EsteMauder,Bluewave Water Treatment,12,0,12,14,40,45,0,0,0,10,77,0,0,91,0,77,30,89,89,0,0,32,17,8,48,0,75,14,0.05,28,12,26,0,76,33,36,MCJ,2025-04-04,0,78,0,77,14,8,88,0,86,51,90
MCJ,EsteMauder,Orchard Chemical Solutions,12,0,12,14,40,45,0,0,0,10,77,0,0,91,0,77,30,89,89,0,0,32,17,8,48,0,75,14,0.05,28,12,26,0,76,33,36,MCJ,2025-04-04,0,78,0,77,14,8,88,0,86,51,90
MCJ,EsteMauder,Bluewave Water Treatment,14,0,8,12,36,41,0,0,0,12,77,0,0,89,0,77,27,86,86,0,0,31,14,10,47,0,76,16,0.31,25,4,22,0,76,33,32,MCJ,2025-04-05,0.03,79,0,78,10,8,83,0,81,50,88
MCJ,EsteMauder,Orchard Chemical Solutions,14,0,8,12,36,41,0,0,0,12,77,0,0,89,0,77,27,86,86,0,0,31,14,10,47,0,76,16,0.31,25,4,22,0,76,33,32,MCJ,2025-04-05,0.03,79,0,78,10,8,83,0,81,50,88
MCJ,EsteMauder,Bluewave Water Treatment,14,0,10,12,32,34,0.55,0.21,0,12,57,0.03,0,67,0,57,24,62,63,0,0,26,14,12,38,0,51,16,1.9,22,10,20,0,53,29,30,MCJ,2025-04-06,1.16,62,0,60,12,8,60,0,58,42,65
MCJ,EsteMauder,Orchard Chemical Solutions,14,0,10,12,32,34,0.55,0.21,0,12,57,0.03,0,67,0,57,24,62,63,0,0,26,14,12,38,0,51,16,1.9,22,10,20,0,53,29,30,MCJ,2025-04-06,1.16,62,0,60,12,8,60,0,58,42,65
MCJ,EsteMauder,Bluewave Water Treatment,10,0,8,10,23,27,0,0,0,8,50,0,0,71,0,51,18,66,66,0,0,20,12,6,30,0,44,12,0.06,16,6,13,0,48,23,19,MCJ,2025-04-07,0,55,0,53,8,4,63,0,60,34,69
MCJ,EsteMauder,Orchard Chemical Solutions,10,0,8,10,23,27,0,0,0,8,50,0,0,71,0,51,18,66,66,0,0,20,12,6,30,0,44,12,0.06,16,6,13,0,48,23,19,MCJ,2025-04-07,0,55,0,53,8,4,63,0,60,34,69
MCJ,EsteMauder,Bluewave Water Treatment,6,0,6,10,18,21,0,0,0,4,51,0,0,79,0,51,15,73,73,0,0,17,10,4,24,0,46,6,0,13,4,11,0,49,19,16,MCJ,2025-04-08,0,56,0,54,8,2,68,0,67,27,76
MCJ,EsteMauder,Orchard Chemical Solutions,6,0,6,10,18,21,0,0,0,4,51,0,0,79,0,51,15,73,73,0,0,17,10,4,24,0,46,6,0,13,4,11,0,49,19,16,MCJ,2025-04-08,0,56,0,54,8,2,68,0,67,27,76
MCJ,EsteMauder,Bluewave Water Treatment,6,0,8,10,19,23,0,0,0,4,54,0,0,85,0,54,16,77,77,0,0,18,10,4,27,0,48,8,0,14,6,12,0,51,21,17,MCJ,2025-04-09,0,59,0,57,10,2,73,0,71,31,81
MCJ,EsteMauder,Orchard Chemical Solutions,6,0,8,10,19,23,0,0,0,4,54,0,0,85,0,54,16,77,77,0,0,18,10,4,27,0,48,8,0,14,6,12,0,51,21,17,MCJ,2025-04-09,0,59,0,57,10,2,73,0,71,31,81
MCJ,EsteMauder,Bluewave Water Treatment,6,0,6,10,19,23,0,0,0,4,58,0,0,89,0,58,16,82,83,0,0,19,12,2,28,0,50,8,0,14,4,12,0,55,22,17,MCJ,2025-04-10,0,65,0,62,8,2,79,0,75,33,86
MCJ,EsteMauder,Orchard Chemical Solutions,6,0,6,10,19,23,0,0,0,4,58,0,0,89,0,58,16,82,83,0,0,19,12,2,28,0,50,8,0,14,4,12,0,55,22,17,MCJ,2025-04-10,0,65,0,62,8,2,79,0,75,33,86
MCJ,EsteMauder,Bluewave Water Treatment,6,0,6,10,21,24,0,0,0,4,61,0,0,91,0,62,17,85,86,0,0,19,12,4,27,0,55,8,0,15,4,13,0,58,22,17,MCJ,2025-04-11,0,67,0,65,8,2,82,0,79,32,89
MCJ,EsteMauder,Orchard Chemical Solutions,6,0,6,10,21,24,0,0,0,4,61,0,0,91,0,62,17,85,86,0,0,19,12,4,27,0,55,8,0,15,4,13,0,58,22,17,MCJ,2025-04-11,0,67,0,65,8,2,82,0,79,32,89
BKF,EsteMauder,Aspen Biotech Center,6,,8,12,18,21,,,,4,25,,,47,,25,15,41,41,,,17,12,2,25,,20,6,,12,6,11,,22,20,16,BKF,2025-04-03,,29,,27,10,2,37,,34,29,44
BKF,EsteMauder,Western Energy Refinery,6,,8,12,18,21,,,,4,25,,,47,,25,15,41,41,,,17,12,2,25,,20,6,,12,6,11,,22,20,16,BKF,2025-04-03,,29,,27,10,2,37,,34,29,44
BKF,EsteMauder,Aspen Biotech Center,6,0,12,14,26,31,0.28,0.13,0,4,26,0.04,1.9,48,0.1,26,21,43,43,0,0,24,16,4,37,0,20,6,0.89,18,8,15,0.6,23,26,23,BKF,2025-04-04,0.52,31,0,28,12,2,39,3.8,36,39,46
BKF,EsteMauder,Western Energy Refinery,6,0,12,14,26,31,0.28,0.13,0,4,26,0.04,1.9,48,0.1,26,21,43,43,0,0,24,16,4,37,0,20,6,0.89,18,8,15,0.6,23,26,23,BKF,2025-04-04,0.52,31,0,28,12,2,39,3.8,36,39,46
BKF,EsteMauder,Aspen Biotech Center,10,0,6,10,19,22,0.51,0.27,0,8,20,0.13,5.8,46,2.3,21,15,38,39,1.6,0,19,10,6,28,0,16,12,1.18,13,6,11,3.2,18,22,17,BKF,2025-04-05,0.9,25,0,23,8,4,34,8.5,31,32,41
BKF,EsteMauder,Western Energy Refinery,10,0,6,10,19,22,0.51,0.27,0,8,20,0.13,5.8,46,2.3,21,15,38,39,1.6,0,19,10,6,28,0,16,12,1.18,13,6,11,3.2,18,22,17,BKF,2025-04-05,0.9,25,0,23,8,4,34,8.5,31,32,41
BKF,EsteMauder,Aspen Biotech Center,8,0,6,10,17,19,0.01,0,0,6,19,0,0.8,60,0,19,12,53,54,0,0,14,10,6,23,0,12,8,0.23,11,6,10,0,16,17,16,BKF,2025-04-06,0.08,25,0,23,8,6,49,1.1,44,26,57
BKF,EsteMauder,Western Energy Refinery,8,0,6,10,17,19,0.01,0,0,6,19,0,0.8,60,0,19,12,53,54,0,0,14,10,6,23,0,12,8,0.23,11,6,10,0,16,17,16,BKF,2025-04-06,0.08,25,0,23,8,6,49,1.1,44,26,57
BKF,EsteMauder,Aspen Biotech Center,8,0,6,10,18,20,0,0,0,6,27,0,0,71,0,27,13,63,64,0,0,16,12,6,24,0,19,8,0,12,6,11,0,23,18,17,BKF,2025-04-07,0,33,0,31,8,4,59,0,54,27,68
BKF,EsteMauder,Western Energy Refinery,8,0,6,10,18,20,0,0,0,6,27,0,0,71,0,27,13,63,64,0,0,16,12,6,24,0,19,8,0,12,6,11,0,23,18,17,BKF,2025-04-07,0,33,0,31,8,4,59,0,54,27,68
BKF,EsteMauder,Aspen Biotech Center,8,0,8,10,19,21,0,0,0,8,35,0,0,76,0,35,14,71,72,0,0,17,12,6,25,0,26,10,0,13,6,11,0,30,22,17,BKF,2025-04-08,0,44,0,40,8,6,69,0,66,31,74
BKF,EsteMauder,Western Energy Refinery,8,0,8,10,19,21,0,0,0,8,35,0,0,76,0,35,14,71,72,0,0,17,12,6,25,0,26,10,0,13,6,11,0,30,22,17,BKF,2025-04-08,0,44,0,40,8,6,69,0,66,31,74
BKF,EsteMauder,Aspen Biotech Center,8,0,8,12,19,23,0,0,0,6,39,0,0,81,0,40,15,74,75,0,0,18,12,6,28,0,33,8,0.05,13,6,12,0,36,24,18,BKF,2025-04-09,0,45,0,43,10,4,70,0,63,36,78
BKF,EsteMauder,Western Energy Refinery,8,0,8,12,19,23,0,0,0,6,39,0,0,81,0,40,15,74,75,0,0,18,12,6,28,0,33,8,0.05,13,6,12,0,36,24,18,BKF,2025-04-09,0,45,0,43,10,4,70,0,63,36,78
BKF,EsteMauder,Aspen Biotech Center,8,0,6,10,19,23,0,0,0,6,42,0,0,88,0,42,14,78,80,0,0,17,12,4,26,0,36,8,0.05,13,4,11,0,38,21,17,BKF,2025-04-10,0,49,0,46,8,4,74,0,65,32,85
BKF,EsteMauder,Western Energy Refinery,8,0,6,10,19,23,0,0,0,6,42,0,0,88,0,42,14,78,80,0,0,17,12,4,26,0,36,8,0.05,13,4,11,0,38,21,17,BKF,2025-04-10,0,49,0,46,8,4,74,0,65,32,85
BKF,EsteMauder,Aspen Biotech Center,8,0,6,10,20,23,0,0,0,6,45,0,0,92,0,45,15,84,86,0,0,17,12,6,27,0,36,8,0,13,4,12,0,40,20,17,BKF,2025-04-11,0,54,0,51,8,4,79,0,73,32,90
BKF,EsteMauder,Western Energy Refinery,8,0,6,10,20,23,0,0,0,6,45,0,0,92,0,45,15,84,86,0,0,17,12,6,27,0,36,8,0,13,4,12,0,40,20,17,BKF,2025-04-11,0,54,0,51,8,4,79,0,73,32,90
ATT,EsteMauder,Willow Creek Textile Mill,10,,6,8,22,24,,,,8,72,,,97,,72,11,93,93,,,13,10,6,27,,70,10,,10,4,9,,71,14,19,ATT,2025-04-03,,74,,73,8,4,91,,88,30,95
ATT,EsteMauder,Willow Creek Textile Mill,10,0,8,12,27,31,0,0,0,8,72,0,0,99,0,73,14,93,93,0,0,16,14,8,35,0,70,12,0.23,13,6,11,0,72,17,24,ATT,2025-04-04,0.06,75,0,74,10,6,89,0,86,38,96
ATT,EsteMauder,Willow Creek Textile Mill,12,0,8,16,27,30,0.35,0.09,0,10,69,0,0,89,0,71,14,81,82,0,0,16,17,8,34,0,61,14,1.67,13,6,11,0,66,17,24,ATT,2025-04-05,1,75,0,72,12,6,77,0,71,38,86
ATT,EsteMauder,Willow Creek Textile Mill,16,0,10,12,27,30,0.04,0,0,14,46,0,0,67,0,46,14,61,61,0,0,15,14,12,33,0,41,17,0.44,13,8,12,0,43,17,25,ATT,2025-04-06,0.19,53,0,50,10,10,58,0,57,36,64
ATT,EsteMauder,Willow Creek Textile Mill,8,0,6,10,15,19,0,0,0,6,43,0,0,77,0,43,8,70,70,0,0,10,10,4,23,0,38,10,0,7,4,6,0,41,12,13,ATT,2025-04-07,0,48,0,46,8,4,66,0,63,27,74
ATT,EsteMauder,Willow Creek Textile Mill,6,0,6,10,14,18,0,0,0,4,46,0,0,85,0,46,8,77,76,0,0,9,12,4,21,0,39,8,0,6,6,5,0,42,11,12,ATT,2025-04-08,0,51,0,49,8,2,72,0,69,25,81
ATT,EsteMauder,Willow Creek Textile Mill,8,0,8,10,16,20,0,0,0,6,50,0,0,92,0,51,9,82,82,0,0,11,12,4,25,0,43,10,0,7,6,6,0,46,12,13,ATT,2025-04-09,0,57,0,54,10,2,77,0,76,28,86
ATT,EsteMauder,Willow Creek Textile Mill,8,0,6,10,16,19,0,0,0,6,55,0,0,94,0,55,8,88,89,0,0,10,10,4,23,0,49,8,0,7,4,6,0,52,12,14,ATT,2025-04-10,0,62,0,59,8,4,85,0,80,27,92
ATT,EsteMauder,Willow Creek Textile Mill,8,0,6,10,17,20,0,0,0,6,59,0,0,97,0,59,9,90,91,0,0,10,14,4,23,0,52,10,0,8,4,6,0,55,12,14,ATT,2025-04-11,0,66,0,62,10,4,86,0,82,27,95
CMH,EsteMauder,Pinehill Medical Center,12,,4,6,29,32,,,,10,65,,,79,,65,22,74,75,,,25,8,8,37,,61,14,,20,4,17,,62,29,26,CMH,2025-04-03,,69,,67,6,8,71,,68,42,77
CMH,EsteMauder,Pinehill Medical Center,8,0,6,8,20,22,1.18,0.69,0,8,52,0.3,0,72,0,51,14,66,65,0,0,15,10,6,24,0,49,10,2.18,12,6,11,0,50,17,18,CMH,2025-04-04,1.7,55,0,53,8,4,62,0,60,28,68
CMH,EsteMauder,Pinehill Medical Center,14,0,6,10,28,31,0.92,0.46,0,12,56,0.16,0,87,0,56,21,78,77,0,0,23,14,8,35,0,52,17,1.88,19,4,16,0,53,28,24,CMH,2025-04-05,1.47,62,0,59,10,6,73,0,72,37,81
CMH,EsteMauder,Pinehill Medical Center,12,0,8,12,24,26,1.75,1.05,0,10,48,0.44,0,77,0,46,18,57,53,0,0,23,14,8,31,0,40,16,2.87,16,6,14,0,43,28,21,CMH,2025-04-06,2.3,61,0,51,10,6,50,0,46,39,63
CMH,EsteMauder,Pinehill Medical Center,10,0,8,12,24,27,0.24,0.07,0,6,36,0,0,58,0,36,18,51,52,0,0,21,14,6,29,0,32,12,0.92,16,6,14,0,33,24,22,CMH,2025-04-07,0.51,41,0,38,10,4,47,0,44,32,56
CMH,EsteMauder,Pinehill Medical Center,10,0,6,10,22,26,0,0,0,8,29,0,0,55,0,29,18,46,45,0,0,21,10,8,30,0,24,12,0.13,15,4,12,0,27,23,19,CMH,2025-04-08,0.04,34,0,32,8,6,41,0.2,39,33,50
CMH,EsteMauder,Pinehill Medical Center,8,0,6,8,19,23,0,0,0,6,30,0,0,68,0,29,15,57,57,0,0,18,10,4,28,0,25,10,0.04,12,4,10,0,27,21,17,CMH,2025-04-09,0,37,0,32,6,4,51,0,44,30,62
CMH,EsteMauder,Pinehill Medical Center,10,0,6,10,21,25,0,0,0,8,40,0,0,73,0,40,17,64,66,0,0,20,12,6,29,0,31,10,0.14,13,4,11,0,34,24,17,CMH,2025-04-10,0,48,0,45,8,4,60,0,50,33,70
CMH,EsteMauder,Pinehill Medical Center,10,0,6,10,22,25,0.03,0,0,8,44,0,0,76,0,46,17,65,66,0,0,20,12,4,28,0,34,12,0.49,14,4,10,0,42,23,17,CMH,2025-04-11,0.23,51,0,49,8,2,61,0,54,32,70
SAN,EsteMauder,Maplewood Packaging Plant,8,,8,10,18,20,,,,6,51,,,63,,50,12,61,61,,,13,10,4,21,,48,10,,11,6,10,,49,14,16,SAN,2025-04-03,,55,,52,8,4,60,,59,23,62
SAN,EsteMauder,Maplewood Packaging Plant,4,0,8,10,14,16,0,0,0,2,48,0,0,66,0,48,10,65,65,0,0,11,10,2,18,0,45,4,0,10,6,9,0,47,12,12,SAN,2025-04-04,0,50,0,49,8,0,64,0,64,20,65
SAN,EsteMauder,Maplewood Packaging Plant,4,0,8,10,14,16,0,0,0,4,51,0,0,71,0,51,10,68,68,0,0,11,10,2,19,0,47,6,0,9,6,9,0,50,12,12,SAN,2025-04-05,0,53,0,52,8,2,67,0,67,21,70
SAN,EsteMauder,Maplewood Packaging Plant,6,0,8,10,16,18,0,0,0,4,54,0,0,75,0,54,11,73,73,0,0,12,12,4,20,0,48,8,0,10,8,10,0,51,13,15,SAN,2025-04-06,0,58,0,56,10,2,72,0,70,22,74
SAN,EsteMauder,Maplewood Packaging Plant,6,0,8,10,12,14,0,0,0,4,55,0,0,73,0,56,10,70,70,0,0,11,10,2,18,0,50,6,0,9,6,9,0,53,12,11,SAN,2025-04-07,0,60,0,58,8,2,69,0,67,20,72
SAN,EsteMauder,Maplewood Packaging Plant,4,0,8,8,12,14,0,0,0,4,54,0,0,74,0,54,9,71,71,0,0,10,10,2,16,0,52,6,0,9,6,8,0,53,12,10,SAN,2025-04-08,0,57,0,56,8,2,69,0,67,19,72
SAN,EsteMauder,Maplewood Packaging Plant,4,0,6,8,11,12,0,0,0,4,57,0,0,80,0,57,9,75,75,0,0,10,8,4,14,0,53,6,0,8,6,7,0,55,11,10,SAN,2025-04-09,0,60,0,59,8,2,73,0,72,17,77
SAN,EsteMauder,Maplewood Packaging Plant,4,0,6,8,12,13,0,0,0,4,60,0,0,82,0,60,9,77,77,0,0,10,8,2,15,0,56,6,0,9,4,8,0,58,11,10,SAN,2025-04-10,0,64,0,62,6,2,74,0,73,17,79
SAN,EsteMauder,Maplewood Packaging Plant,4,0,6,8,12,13,0,0,0,2,61,0,0,82,0,61,9,76,75,0,0,10,10,2,15,0,56,6,0,9,4,8,0,58,11,11,SAN,2025-04-11,0,65,0,63,8,2,73,0,70,19,78
FTY,EsteMauder,Metro Auto Assembly,8,,6,8,24,26,,,,6,65,,,94,,65,14,91,92,,,16,10,6,29,,63,8,,13,6,12,,63,17,23,FTY,2025-04-03,,67,,66,8,6,90,,87,31,93
FTY,EsteMauder,Metro Auto Assembly,6,0,6,8,21,23,0,0,0,6,65,0,0,95,0,65,12,92,93,0,0,13,8,4,25,0,62,8,0.01,11,6,10,0,64,14,19,FTY,2025-04-04,0,67,0,66,8,4,91,0,88,26,94
FTY,EsteMauder,Metro Auto Assembly,8,0,8,10,26,28,0,0,0,6,64,0,0,95,0,64,15,93,93,0,0,16,12,6,30,0,61,8,0.03,14,8,13,0,62,18,24,FTY,2025-04-05,0,67,0,66,10,6,92,0,90,32,94
FTY,EsteMauder,Metro Auto Assembly,12,0,6,10,30,33,0,0,0,10,65,0,0,90,0,65,18,83,83,0,0,20,12,8,35,0,62,16,0.03,17,6,15,0,64,21,28,FTY,2025-04-06,0,67,0,66,8,8,79,0,77,38,87
FTY,EsteMauder,Metro Auto Assembly,8,0,8,10,21,24,1.6,0.95,0,8,52,0.43,0,72,0,52,14,65,65,0,0,16,10,6,27,0,44,10,2.92,12,6,10,0,47,17,19,FTY,2025-04-07,2.31,58,0,55,8,6,61,0,58,30,68
FTY,EsteMauder,Metro Auto Assembly,8,0,6,10,21,24,0,0,0,8,40,0,0,72,0,40,13,62,61,0,0,16,10,6,29,0,34,10,0.96,11,4,10,0,37,18,18,FTY,2025-04-08,0.07,45,0,43,8,6,58,0,54,32,67
FTY,EsteMauder,Metro Auto Assembly,6,0,4,6,14,17,0,0,0,6,37,0,0,78,0,36,9,67,67,0,0,11,6,4,20,0,30,8,0,7,2,6,0,33,14,11,FTY,2025-04-09,0,45,0,40,4,4,61,0,57,24,72
FTY,EsteMauder,Metro Auto Assembly,6,0,4,8,15,18,0,0,0,4,42,0,0,80,0,41,10,73,73,0,0,12,10,2,23,0,34,8,0,8,2,6,0,37,16,11,FTY,2025-04-10,0,50,0,46,6,2,69,0,65,27,77
FTY,EsteMauder,Metro Auto Assembly,8,0,4,10,18,23,0,0,0,6,47,0,0,83,0,47,13,75,75,0,0,16,12,4,28,0,39,8,0.15,10,2,8,0,45,19,13,FTY,2025-04-11,0,53,0,50,8,2,70,0,65,33,79
LUK,EsteMauder,Golden Plains Agribusiness,8,,2,6,24,29,,,,8,61,,,84,,61,19,77,78,,,21,6,6,35,,57,12,,15,2,13,,58,24,20,LUK,2025-04-03,,66,,64,4,6,74,,70,39,81
LUK,EsteMauder,Crimson Electronics Lab,8,,2,6,24,29,,,,8,61,,,84,,61,19,77,78,,,21,6,6,35,,57,12,,15,2,13,,58,24,20,LUK,2025-04-03,,66,,64,4,6,74,,70,39,81
LUK,EsteMauder,Golden Plains Agribusiness,8,0,4,8,20,23,2.08,1.29,0,6,51,0.79,0,83,0,50,14,73,73,0,0,15,8,6,26,0,47,8,3.41,12,4,11,0,48,17,18,LUK,2025-04-04,2.75,57,0,53,6,4,69,0,66,32,78
LUK,EsteMauder,Crimson Electronics Lab,8,0,4,8,20,23,2.08,1.29,0,6,51,0.79,0,83,0,50,14,73,73,0,0,15,8,6,26,0,47,8,3.41,12,4,11,0,48,17,18,LUK,2025-04-04,2.75,57,0,53,6,4,69,0,66,32,78
LUK,EsteMauder,Golden Plains Agribusiness,14,0,6,12,29,32,1.39,0.65,0,10,57,0.24,0,93,0,57,20,84,83,0,0,23,14,8,36,0,52,16,2.86,18,4,16,0,54,25,25,LUK,2025-04-05,2.28,63,0,61,8,6,78,0,76,38,89
LUK,EsteMauder,Crimson Electronics Lab,14,0,6,12,29,32,1.39,0.65,0,10,57,0.24,0,93,0,57,20,84,83,0,0,23,14,8,36,0,52,16,2.86,18,4,16,0,54,25,25,LUK,2025-04-05,2.28,63,0,61,8,6,78,0,76,38,89
LUK,EsteMauder,Golden Plains Agribusiness,10,0,6,10,23,26,2.75,1.84,0,8,48,0.7,0,81,0,46,17,62,58,0,0,20,12,8,32,0,42,14,4.12,15,6,13,0,44,25,20,LUK,2025-04-06,3.48,59,0,52,8,4,55,0,50,40,72
LUK,EsteMauder,Crimson Electronics Lab,10,0,6,10,23,26,2.75,1.84,0,8,48,0.7,0,81,0,46,17,62,58,0,0,20,12,8,32,0,42,14,4.12,15,6,13,0,44,25,20,LUK,2025-04-06,3.48,59,0,52,8,4,55,0,50,40,72
LUK,EsteMauder,Golden Plains Agribusiness,8,0,6,10,22,25,0.21,0.04,0,6,36,0,0,63,0,36,16,56,57,0,0,18,12,4,28,0,32,10,1.13,14,4,12,0,33,21,19,LUK,2025-04-07,0.56,40,0,38,8,2,51,0,47,31,61
LUK,EsteMauder,Crimson Electronics Lab,8,0,6,10,22,25,0.21,0.04,0,6,36,0,0,63,0,36,16,56,57,0,0,18,12,4,28,0,32,10,1.13,14,4,12,0,33,21,19,LUK,2025-04-07,0.56,40,0,38,8,2,51,0,47,31,61
LUK,EsteMauder,Golden Plains Agribusiness,8,0,4,8,18,23,0,0,0,6,30,0,0,61,0,30,15,51,49,0,0,18,10,4,27,0,25,10,0.08,11,2,10,0,27,20,14,LUK,2025-04-08,0.01,35,0,32,6,4,45,0,43,31,55
LUK,EsteMauder,Crimson Electronics Lab,8,0,4,8,18,23,0,0,0,6,30,0,0,61,0,30,15,51,49,0,0,18,10,4,27,0,25,10,0.08,11,2,10,0,27,20,14,LUK,2025-04-08,0.01,35,0,32,6,4,45,0,43,31,55
LUK,EsteMauder,Golden Plains Agribusiness,6,0,4,6,17,21,0,0,0,4,31,0,0,73,0,29,13,62,62,0,0,15,10,4,25,0,26,8,0.01,10,2,8,0,27,18,12,LUK,2025-04-09,0,37,0,32,6,2,55,0,50,29,69
LUK,EsteMauder,Crimson Electronics Lab,6,0,4,6,17,21,0,0,0,4,31,0,0,73,0,29,13,62,62,0,0,15,10,4,25,0,26,8,0.01,10,2,8,0,27,18,12,LUK,2025-04-09,0,37,0,32,6,2,55,0,50,29,69
LUK,EsteMauder,Golden Plains Agribusiness,8,0,4,10,20,24,0,0,0,6,39,0,0,79,0,40,15,70,71,0,0,17,10,4,28,0,31,10,0.2,12,2,10,0,34,21,16,LUK,2025-04-10,0,48,0,44,6,2,63,0,57,33,76
LUK,EsteMauder,Crimson Electronics Lab,8,0,4,10,20,24,0,0,0,6,39,0,0,79,0,40,15,70,71,0,0,17,10,4,28,0,31,10,0.2,12,2,10,0,34,21,16,LUK,2025-04-10,0,48,0,44,6,2,63,0,57,33,76
LUK,EsteMauder,Golden Plains Agribusiness,8,0,6,8,19,23,0.03,0,0,6,43,0,0,83,0,44,14,71,72,0,0,17,10,4,27,0,35,10,0.62,12,4,9,0,42,20,15,LUK,2025-04-11,0.28,49,0,47,8,2,66,0,58,32,77
LUK,EsteMauder,Crimson Electronics Lab,8,0,6,8,19,23,0.03,0,0,6,43,0,0,83,0,44,14,71,72,0,0,17,10,4,27,0,35,10,0.62,12,4,9,0,42,20,15,LUK,2025-04-11,0.28,49,0,47,8,2,66,0,58,32,77
TIW,EsteMauder,Urban Infrastructure Hub,2,,4,4,9,11,,,,2,40,,,58,,40,7,56,56,,,8,6,2,13,,38,2,,6,2,6,,39,9,8,TIW,2025-04-03,,42,,41,4,0,55,,54,16,57
TIW,EsteMauder,Urban Infrastructure Hub,2,0,2,4,10,12,0,0,0,2,40,0,0,65,0,40,8,63,63,0,0,9,6,0,14,0,37,2,0,7,2,6,0,38,10,6,TIW,2025-04-04,0,42,0,42,4,0,62,0,61,17,64
TIW,EsteMauder,Urban Infrastructure Hub,2,0,2,4,8,10,0,0,0,2,43,0,0,68,0,43,7,66,67,0,0,8,6,2,12,0,39,2,0,6,2,5,0,40,9,7,TIW,2025-04-05,0,47,0,45,4,0,66,0,64,14,67
TIW,EsteMauder,Urban Infrastructure Hub,4,0,4,6,13,16,0,0,0,2,47,0,0,70,0,47,10,62,62,0,0,12,8,2,21,0,43,4,0,8,2,7,0,45,15,10,TIW,2025-04-06,0,50,0,49,6,2,56,0,54,24,68
TIW,EsteMauder,Urban Infrastructure Hub,8,0,8,10,22,25,0.15,0.03,0,6,47,0,0,59,0,47,14,57,57,0,0,17,12,4,30,0,44,10,0.39,13,4,10,0,46,18,18,TIW,2025-04-07,0.27,49,0,49,8,2,55,0,54,34,58
TIW,EsteMauder,Urban Infrastructure Hub,8,0,6,10,23,28,0.12,0.05,0,6,45,0,0,60,0,45,15,56,56,0,0,18,12,4,33,0,43,10,0.3,12,4,10,0,44,20,17,TIW,2025-04-08,0.21,47,0,46,10,2,54,0,54,37,58
TIW,EsteMauder,Urban Infrastructure Hub,6,0,4,8,15,20,0.11,0.01,0,4,45,0,0,65,0,45,11,60,59,0,0,14,10,2,25,0,42,8,0.35,9,2,7,0,44,15,12,TIW,2025-04-09,0.23,48,0,47,6,2,57,0,56,28,62
TIW,EsteMauder,Urban Infrastructure Hub,4,0,4,8,14,19,0,0,0,4,46,0,0,69,0,46,11,62,62,0,0,13,10,2,24,0,42,8,0.2,9,4,7,0,43,16,11,TIW,2025-04-10,0.06,49,0,48,6,2,58,0,56,28,66
TIW,EsteMauder,Urban Infrastructure Hub,6,0,6,10,15,20,0,0,0,4,47,0,0,72,0,47,12,61,59,0,0,15,10,2,26,0,43,8,0.2,10,4,8,0,44,17,13,TIW,2025-04-11,0.09,50,0,49,8,2,54,0,52,30,67
CWN,EsteMauder,Liberty Steelworks,6,,6,8,18,22,,,,4,29,,,49,,29,12,42,42,,,14,10,4,26,,25,8,,11,4,10,,27,17,16,CWN,2025-04-03,,33,,32,6,4,37,,34,30,45
CWN,EsteMauder,Frontier Robotics Center,6,,6,8,18,22,,,,4,29,,,49,,29,12,42,42,,,14,10,4,26,,25,8,,11,4,10,,27,17,16,CWN,2025-04-03,,33,,32,6,4,37,,34,30,45
CWN,EsteMauder,Liberty Steelworks,6,0,10,12,26,32,0.12,0.04,0,4,26,0.01,1.7,48,0.2,26,18,43,43,0.1,0,21,14,2,40,0,21,6,0.47,15,8,12,0.8,23,24,21,CWN,2025-04-04,0.26,32,0,29,10,2,40,2.9,37,48,45
CWN,EsteMauder,Frontier Robotics Center,6,0,10,12,26,32,0.12,0.04,0,4,26,0.01,1.7,48,0.2,26,18,43,43,0.1,0,21,14,2,40,0,21,6,0.47,15,8,12,0.8,23,24,21,CWN,2025-04-04,0.26,32,0,29,10,2,40,2.9,37,48,45
CWN,EsteMauder,Liberty Steelworks,10,0,6,8,21,26,0.36,0.18,0,8,22,0.07,4.3,44,0.8,23,15,35,36,0.3,0,18,10,6,33,0,16,12,0.84,12,4,10,2.2,19,22,18,CWN,2025-04-05,0.58,28,0,25,8,4,30,6.1,27,43,40
CWN,EsteMauder,Frontier Robotics Center,10,0,6,8,21,26,0.36,0.18,0,8,22,0.07,4.3,44,0.8,23,15,35,36,0.3,0,18,10,6,33,0,16,12,0.84,12,4,10,2.2,19,22,18,CWN,2025-04-05,0.58,28,0,25,8,4,30,6.1,27,43,40
CWN,EsteMauder,Liberty Steelworks,6,0,6,8,17,20,0.03,0,0,4,21,0,1,59,0,20,12,51,52,0,0,14,10,4,25,0,12,8,0.22,10,4,8,0.2,15,16,14,CWN,2025-04-06,0.1,30,0,25,6,4,47,1.6,42,29,56
CWN,EsteMauder,Frontier Robotics Center,6,0,6,8,17,20,0.03,0,0,4,21,0,1,59,0,20,12,51,52,0,0,14,10,4,25,0,12,8,0.22,10,4,8,0.2,15,16,14,CWN,2025-04-06,0.1,30,0,25,6,4,47,1.6,42,29,56
CWN,EsteMauder,Liberty Steelworks,6,0,6,10,18,21,0,0,0,6,30,0,0,70,0,30,12,62,63,0,0,14,10,4,24,0,21,6,0,11,6,9,0,25,15,15,CWN,2025-04-07,0,38,0,35,8,4,58,0,55,27,65
CWN,EsteMauder,Frontier Robotics Center,6,0,6,10,18,21,0,0,0,6,30,0,0,70,0,30,12,62,63,0,0,14,10,4,24,0,21,6,0,11,6,9,0,25,15,15,CWN,2025-04-07,0,38,0,35,8,4,58,0,55,27,65
CWN,EsteMauder,Liberty Steelworks,6,0,6,10,19,24,0,0,0,6,38,0,0,77,0,38,13,71,71,0,0,16,12,4,29,0,30,8,0,11,4,10,0,33,19,17,CWN,2025-04-08,0,48,0,43,8,4,69,0,65,37,74
CWN,EsteMauder,Frontier Robotics Center,6,0,6,10,19,24,0,0,0,6,38,0,0,77,0,38,13,71,71,0,0,16,12,4,29,0,30,8,0,11,4,10,0,33,19,17,CWN,2025-04-08,0,48,0,43,8,4,69,0,65,37,74
CWN,EsteMauder,Liberty Steelworks,6,0,6,10,21,25,0,0,0,6,45,0,0,82,0,45,14,75,77,0,0,17,12,6,32,0,38,8,0.02,12,6,10,0,41,23,18,CWN,2025-04-09,0,51,0,49,8,4,71,0,65,46,80
CWN,EsteMauder,Frontier Robotics Center,6,0,6,10,21,25,0,0,0,6,45,0,0,82,0,45,14,75,77,0,0,17,12,6,32,0,38,8,0.02,12,6,10,0,41,23,18,CWN,2025-04-09,0,51,0,49,8,4,71,0,65,46,80
CWN,EsteMauder,Liberty Steelworks,6,0,6,10,20,24,0,0,0,6,48,0,0,89,0,48,14,80,82,0,0,16,12,4,29,0,40,8,0.01,12,4,10,0,44,18,18,CWN,2025-04-10,0,56,0,52,8,4,75,0,66,35,86
CWN,EsteMauder,Frontier Robotics Center,6,0,6,10,20,24,0,0,0,6,48,0,0,89,0,48,14,80,82,0,0,16,12,4,29,0,40,8,0.01,12,4,10,0,44,18,18,CWN,2025-04-10,0,56,0,52,8,4,75,0,66,35,86
CWN,EsteMauder,Liberty Steelworks,6,0,6,10,19,23,0,0,0,4,51,0,0,93,0,51,13,85,88,0,0,15,12,4,27,0,41,8,0,11,4,10,0,46,18,17,CWN,2025-04-11,0,60,0,57,8,2,81,0,74,33,91
CWN,EsteMauder,Frontier Robotics Center,6,0,6,10,19,23,0,0,0,4,51,0,0,93,0,51,13,85,88,0,0,15,12,4,27,0,41,8,0,11,4,10,0,46,18,17,CWN,2025-04-11,0,60,0,57,8,2,81,0,74,33,91
JRB,EsteMauder,Riverbend Recycling Center,14,,10,14,26,29,,,,12,45,,,72,,45,19,69,69,,,20,16,10,31,,44,14,,17,10,16,,44,22,25,JRB,2025-04-03,,46,,45,12,10,67,,65,34,71
JRB,EsteMauder,Neptune Shipping Terminal,14,,10,14,26,29,,,,12,45,,,72,,45,19,69,69,,,20,16,10,31,,44,14,,17,10,16,,44,22,25,JRB,2025-04-03,,46,,45,12,10,67,,65,34,71
JRB,EsteMauder,Riverbend Recycling Center,8,0,4,8,17,19,0.16,0.05,0,8,57,0.02,0,69,0,56,13,63,63,0,0,14,8,6,21,0,53,10,0.66,12,2,10,0,55,16,16,JRB,2025-04-04,0.39,62,0,59,6,6,60,0,58,23,66
JRB,EsteMauder,Neptune Shipping Terminal,8,0,4,8,17,19,0.16,0.05,0,8,57,0.02,0,69,0,56,13,63,63,0,0,14,8,6,21,0,53,10,0.66,12,2,10,0,55,16,16,JRB,2025-04-04,0.39,62,0,59,6,6,60,0,58,23,66
JRB,EsteMauder,Riverbend Recycling Center,12,0,8,12,22,25,0.04,0,0,10,48,0,0,57,0,48,17,52,51,0,0,19,12,10,28,0,46,14,0.3,15,6,14,0,47,20,20,JRB,2025-04-05,0.14,50,0,49,10,8,49,0,48,31,54
JRB,EsteMauder,Neptune Shipping Terminal,12,0,8,12,22,25,0.04,0,0,10,48,0,0,57,0,48,17,52,51,0,0,19,12,10,28,0,46,14,0.3,15,6,14,0,47,20,20,JRB,2025-04-05,0.14,50,0,49,10,8,49,0,48,31,54
JRB,EsteMauder,Riverbend Recycling Center,10,0,8,14,21,27,0.22,0.09,0,8,48,0.02,0,76,0,47,18,67,68,0,0,21,17,4,31,0,44,14,0.92,14,6,12,0,46,23,18,JRB,2025-04-06,0.55,53,0,49,12,4,62,0,53,35,73
JRB,EsteMauder,Neptune Shipping Terminal,10,0,8,14,21,27,0.22,0.09,0,8,48,0.02,0,76,0,47,18,67,68,0,0,21,17,4,31,0,44,14,0.92,14,6,12,0,46,23,18,JRB,2025-04-06,0.55,53,0,49,12,4,62,0,53,35,73
JRB,EsteMauder,Riverbend Recycling Center,12,0,8,12,22,25,0.23,0.08,0,10,49,0.01,0,62,0,49,17,55,56,0,0,20,12,10,29,0,43,12,0.82,15,6,14,0,45,22,20,JRB,2025-04-07,0.47,57,0,52,10,8,52,0,49,32,59
JRB,EsteMauder,Neptune Shipping Terminal,12,0,8,12,22,25,0.23,0.08,0,10,49,0.01,0,62,0,49,17,55,56,0,0,20,12,10,29,0,43,12,0.82,15,6,14,0,45,22,20,JRB,2025-04-07,0.47,57,0,52,10,8,52,0,49,32,59
JRB,EsteMauder,Riverbend Recycling Center,12,0,10,14,26,30,0,0,0,12,41,0,0,54,0,41,20,49,49,0,0,23,17,10,32,0,35,16,0.46,18,10,16,0,38,26,23,JRB,2025-04-08,0.1,46,0,44,12,6,46,0,44,37,51
JRB,EsteMauder,Neptune Shipping Terminal,12,0,10,14,26,30,0,0,0,12,41,0,0,54,0,41,20,49,49,0,0,23,17,10,32,0,35,16,0.46,18,10,16,0,38,26,23,JRB,2025-04-08,0.1,46,0,44,12,6,46,0,44,37,51
JRB,EsteMauder,Riverbend Recycling Center,12,0,8,12,23,26,0,0,0,10,36,0,0,56,0,36,17,50,50,0,0,20,12,10,30,0,32,14,0.1,16,6,13,0,34,24,19,JRB,2025-04-09,0,39,0,37,10,6,47,0,46,34,53
JRB,EsteMauder,Neptune Shipping Terminal,12,0,8,12,23,26,0,0,0,10,36,0,0,56,0,36,17,50,50,0,0,20,12,10,30,0,32,14,0.1,16,6,13,0,34,24,19,JRB,2025-04-09,0,39,0,37,10,6,47,0,46,34,53
JRB,EsteMauder,Riverbend Recycling Center,10,0,8,12,21,24,0,0,0,8,40,0,0,61,0,40,16,55,56,0,0,18,12,6,26,0,35,10,0,15,6,13,0,37,22,18,JRB,2025-04-10,0,45,0,43,10,4,52,0,49,31,58
JRB,EsteMauder,Neptune Shipping Terminal,10,0,8,12,21,24,0,0,0,8,40,0,0,61,0,40,16,55,56,0,0,18,12,6,26,0,35,10,0,15,6,13,0,37,22,18,JRB,2025-04-10,0,45,0,43,10,4,52,0,49,31,58
JRB,EsteMauder,Riverbend Recycling Center,10,0,8,12,20,23,0,0,0,8,45,0,0,63,0,45,16,57,57,0,0,19,14,6,28,0,39,12,0.31,14,6,11,0,42,23,16,JRB,2025-04-11,0.01,50,0,48,10,4,54,0,51,33,60
JRB,EsteMauder,Neptune Shipping Terminal,10,0,8,12,20,23,0,0,0,8,45,0,0,63,0,45,16,57,57,0,0,19,14,6,28,0,39,12,0.31,14,6,11,0,42,23,16,JRB,2025-04-11,0.01,50,0,48,10,4,54,0,51,33,60
DAL,EsteMauder,Sunrise Logistics Hub,10,,6,8,21,24,,,,8,64,,,89,,64,14,79,79,,,17,10,6,27,,59,12,,13,6,11,,61,19,18,DAL,2025-04-03,,71,,67,8,4,73,,69,31,85
DAL,EsteMauder,Sunrise Logistics Hub,10,0,6,10,26,30,0.64,0.28,0,8,64,0.1,0,88,0,64,18,82,82,0,0,21,10,6,35,0,58,12,2.7,17,4,14,0,61,23,22,DAL,2025-04-04,1.41,73,0,68,8,4,78,0,73,38,86
DAL,EsteMauder,Sunrise Logistics Hub,14,0,10,17,29,33,3.27,2.59,0,10,60,1.3,0,76,0,59,20,68,67,0,0,23,19,8,38,0,52,16,4.6,18,8,16,0,55,26,26,DAL,2025-04-05,3.9,71,0,64,14,6,63,0,59,43,72
DAL,EsteMauder,Sunrise Logistics Hub,16,0,8,12,28,32,0.58,0.14,0,14,44,0.01,0,63,0,44,19,57,57,0,0,22,14,12,36,0,39,17,2.25,17,6,16,0,41,25,24,DAL,2025-04-06,1.38,48,0,46,10,10,54,0,52,41,59
DAL,EsteMauder,Sunrise Logistics Hub,8,0,4,8,14,17,0,0,0,6,42,0,0,73,0,42,11,66,66,0,0,13,10,4,22,0,38,10,0,9,4,8,0,40,16,12,DAL,2025-04-07,0,46,0,45,6,4,63,0,60,26,70
DAL,EsteMauder,Sunrise Logistics Hub,8,0,6,10,15,20,0,0,0,6,47,0,0,82,0,47,12,72,72,0,0,15,12,4,25,0,40,10,0,9,4,7,0,44,17,12,DAL,2025-04-08,0,53,0,50,8,4,68,0,62,31,77
DAL,EsteMauder,Sunrise Logistics Hub,10,0,8,10,19,24,0,0,0,8,51,0,0,87,0,52,14,79,78,0,0,17,12,6,29,0,42,12,0,11,6,9,0,47,19,15,DAL,2025-04-09,0,59,0,55,10,4,74,0,71,33,83
DAL,EsteMauder,Sunrise Logistics Hub,10,0,6,10,16,21,0,0,0,8,56,0,0,90,0,56,12,83,84,0,0,15,12,4,25,0,50,10,0,10,2,8,0,53,18,13,DAL,2025-04-10,0,62,0,60,8,4,80,0,76,31,87
DAL,EsteMauder,Sunrise Logistics Hub,10,0,6,10,16,22,0,0,0,6,59,0,0,93,0,59,13,85,86,0,0,16,14,4,27,0,52,10,0,10,4,8,0,55,18,13,DAL,2025-04-11,0,65,0,63,8,4,82,0,74,31,89
BDU,EsteMauder,Northpoint Warehouse,4,,6,8,11,14,,,,2,28,,,47,,28,8,40,40,,,11,10,2,19,,22,6,,6,4,5,,24,15,9,BDU,2025-04-03,,32,,30,8,2,37,,34,27,43
BDU,EsteMauder,Northpoint Warehouse,6,0,8,12,21,25,0.21,0.08,0,4,28,0.01,1.2,47,0,27,15,41,41,0,0,19,12,2,31,0,22,6,0.84,11,8,9,0.4,25,24,17,BDU,2025-04-04,0.47,33,0,31,10,2,38,2.1,35,40,44
BDU,EsteMauder,Northpoint Warehouse,6,0,6,8,10,12,0.38,0.15,0,4,24,0.04,5.3,47,2.3,24,7,39,38,1.5,0,10,8,4,17,0,19,8,1.18,5,4,4,3.3,22,16,9,BDU,2025-04-05,0.82,29,0,26,6,2,34,8.1,31,26,43
BDU,EsteMauder,Northpoint Warehouse,8,0,6,8,13,17,0,0,0,6,22,0,0.4,60,0,21,10,54,55,0,0,12,10,6,21,0,14,10,0.18,8,4,6,0,17,16,11,BDU,2025-04-06,0.05,30,0,25,6,4,51,1.1,46,26,58
BDU,EsteMauder,Northpoint Warehouse,8,0,6,8,14,17,0,0,0,6,31,0,0,70,0,32,10,64,65,0,0,13,8,6,20,0,23,10,0,8,4,7,0,27,15,12,BDU,2025-04-07,0,39,0,35,6,4,61,0,58,24,68
BDU,EsteMauder,Northpoint Warehouse,8,0,6,10,17,21,0,0,0,8,41,0,0,76,0,42,13,71,72,0,0,17,12,6,31,0,33,10,0,10,6,8,0,37,23,13,BDU,2025-04-08,0,48,0,46,8,4,69,0,66,39,74
BDU,EsteMauder,Northpoint Warehouse,8,0,6,10,18,22,0,0,0,8,46,0,0,82,0,46,13,74,76,0,0,20,12,6,34,0,39,10,0.05,11,4,9,0,43,28,14,BDU,2025-04-09,0,51,0,48,8,6,71,0,63,48,79
BDU,EsteMauder,Northpoint Warehouse,8,0,4,8,16,22,0,0,0,6,49,0,0,89,0,49,14,79,82,0,0,16,10,6,27,0,42,10,0.04,10,2,8,0,45,21,14,BDU,2025-04-10,0,56,0,53,6,4,75,0,68,35,85
BDU,EsteMauder,Northpoint Warehouse,8,0,4,8,14,19,0,0,0,6,52,0,0,92,0,52,13,85,87,0,0,15,12,4,23,0,42,10,0,8,2,6,0,47,17,11,BDU,2025-04-11,0,60,0,58,6,4,81,0,74,29,90
BUF,EsteMauder,Ironclad Foundry,19,,10,14,40,45,,,,17,51,,,73,,51,27,68,68,,,30,14,14,50,,47,23,,25,10,23,,49,31,36,BUF,2025-04-03,,55,,53,12,12,65,,63,54,70
BUF,EsteMauder,Highland Data Center,19,,10,14,40,45,,,,17,51,,,73,,51,27,68,68,,,30,14,14,50,,47,23,,25,10,23,,49,31,36,BUF,2025-04-03,,55,,53,12,12,65,,63,54,70
BUF,EsteMauder,Ironclad Foundry,4,0,4,6,16,19,0.01,0,0,4,41,0,0,60,0,41,12,56,56,0,0,14,8,4,22,0,38,6,0.27,11,4,10,0,39,16,14,BUF,2025-04-04,0.09,44,0,42,6,2,54,0,53,24,58
BUF,EsteMauder,Highland Data Center,4,0,4,6,16,19,0.01,0,0,4,41,0,0,60,0,41,12,56,56,0,0,14,8,4,22,0,38,6,0.27,11,4,10,0,39,16,14,BUF,2025-04-04,0.09,44,0,42,6,2,54,0,53,24,58
BUF,EsteMauder,Ironclad Foundry,10,0,6,10,23,28,0.19,0.03,0,10,42,0,0,68,0,42,18,62,63,0,0,22,12,8,35,0,39,12,0.69,15,4,13,0,40,25,20,BUF,2025-04-05,0.42,44,0,43,8,6,58,0,54,40,66
BUF,EsteMauder,Highland Data Center,10,0,6,10,23,28,0.19,0.03,0,10,42,0,0,68,0,42,18,62,63,0,0,22,12,8,35,0,39,12,0.69,15,4,13,0,40,25,20,BUF,2025-04-05,0.42,44,0,43,8,6,58,0,54,40,66
BUF,EsteMauder,Ironclad Foundry,8,0,6,10,18,21,0.75,0.36,0,6,41,0.17,0,56,0,39,14,51,48,0,0,17,12,6,25,0,37,10,1.55,13,6,11,0,38,27,16,BUF,2025-04-06,1.16,46,0,41,10,4,46,0,44,42,52
BUF,EsteMauder,Highland Data Center,8,0,6,10,18,21,0.75,0.36,0,6,41,0.17,0,56,0,39,14,51,48,0,0,17,12,6,25,0,37,10,1.55,13,6,11,0,38,27,16,BUF,2025-04-06,1.16,46,0,41,10,4,46,0,44,42,52
BUF,EsteMauder,Ironclad Foundry,10,0,8,12,24,28,0.13,0,0,8,33,0,0,52,0,33,18,45,46,0,0,22,14,6,34,0,30,12,0.58,16,6,14,0,31,26,21,BUF,2025-04-07,0.34,36,0,34,10,4,42,0.1,37,39,49
BUF,EsteMauder,Highland Data Center,10,0,8,12,24,28,0.13,0,0,8,33,0,0,52,0,33,18,45,46,0,0,22,14,6,34,0,30,12,0.58,16,6,14,0,31,26,21,BUF,2025-04-07,0.34,36,0,34,10,4,42,0.1,37,39,49
BUF,EsteMauder,Ironclad Foundry,12,0,8,12,26,29,0.03,0,0,10,28,0,1.1,43,0,28,20,39,38,0,0,23,14,8,34,0,25,12,0.23,17,8,16,0.1,26,26,23,BUF,2025-04-08,0.11,32,0,30,10,6,36,1.9,34,41,41
BUF,EsteMauder,Highland Data Center,12,0,8,12,26,29,0.03,0,0,10,28,0,1.1,43,0,28,20,39,38,0,0,23,14,8,34,0,25,12,0.23,17,8,16,0.1,26,26,23,BUF,2025-04-08,0.11,32,0,30,10,6,36,1.9,34,41,41
BUF,EsteMauder,Ironclad Foundry,10,0,8,10,24,30,0,0,0,10,27,0,0.7,56,0,27,19,46,44,0,0,22,12,8,35,0,23,12,0.14,16,6,14,0,26,25,20,BUF,2025-04-09,0.04,31,0,29,10,6,40,2.2,37,41,50
BUF,EsteMauder,Highland Data Center,10,0,8,10,24,30,0,0,0,10,27,0,0.7,56,0,27,19,46,44,0,0,22,12,8,35,0,23,12,0.14,16,6,14,0,26,25,20,BUF,2025-04-09,0.04,31,0,29,10,6,40,2.2,37,41,50
BUF,EsteMauder,Ironclad Foundry,10,0,6,10,21,28,0,0,0,8,35,0,0,68,0,34,18,57,57,0,0,21,12,6,33,0,27,12,0.1,15,4,12,0,29,25,17,BUF,2025-04-10,0.02,44,0,40,8,6,50,0.4,42,39,64
BUF,EsteMauder,Highland Data Center,10,0,6,10,21,28,0,0,0,8,35,0,0,68,0,34,18,57,57,0,0,21,12,6,33,0,27,12,0.1,15,4,12,0,29,25,17,BUF,2025-04-10,0.02,44,0,40,8,6,50,0.4,42,39,64
BUF,EsteMauder,Ironclad Foundry,10,0,6,10,19,24,0,0,0,8,39,0,0,67,0,40,16,58,59,0,0,18,12,6,29,0,30,12,0.3,13,4,12,0,36,22,16,BUF,2025-04-11,0.12,46,0,43,8,4,53,0,48,34,65
BUF,EsteMauder,Highland Data Center,10,0,6,10,19,24,0,0,0,8,39,0,0,67,0,40,16,58,59,0,0,18,12,6,29,0,30,12,0.3,13,4,12,0,36,22,16,BUF,2025-04-11,0.12,46,0,43,8,4,53,0,48,34,65
